mep_name,jurisdiction,political_group,email,staff_contact_name,staff_contact_email,staff_contact_phone,policy_briefs,committee_memberships,last_verified,role_tags
Brando BENIFEI,Italy,S&D,brando.benifei@europarl.europa.eu,N/A,N/A,N/A,AI Act Co-Rapporteur; Digital rights; Internal market; AI governance; Data protection,IMCO; LIBE,2024-12-15,ai_act_co_rapporteur; rapporteur
Anna CAVAZZINI,Germany,Greens/EFA,anna.cavazzini@europarl.europa.eu,N/A,N/A,N/A,Internal market; Consumer protection - IMCO Chair; Digital services; AI governance,IMCO,2024-12-15,imco_chair
Svenja HAHN,Germany,Renew Europe,svenja.hahn@europarl.europa.eu,N/A,N/A,N/A,Digital markets; consumer protection; AI Act; Digital Services Act,IMCO,2024-12-15,
Nikos PAPPAS,Greece,The Left,nikos.pappas@europarl.europa.eu,N/A,N/A,N/A,"Digital policy, energy transition, research policy, industrial policy, AI Act implementation, digital sovereignty",ITRE,2024-12-15,
Gaetano PEDULLÀ,Italy,The Left,gaetano.pedulla@europarl.europa.eu,N/A,N/A,N/A,"Consumer protection, digital markets, industry policy, AI governance",IMCO; ITRE; LIBE,2024-12-15,
Tsvetelina PENKOVA,Bulgaria,S&D,tsvetelina.penkova@europarl.europa.eu,N/A,N/A,N/A,"Digital policy, AI Act, cybersecurity, energy, research, industry, telecommunications, data governance, consumer protection",ITRE; IMCO,2024-12-15,itre_vice_chair; vice_chair
Gheorghe PIPEREA,Romania,ECR,gheorghe.piperea@europarl.europa.eu,N/A,N/A,N/A,"Consumer protection, internal market, digital services, AI Act implementation, legal affairs",IMCO; JURI,2024-12-15,
Emil RADEV,Bulgaria,EPP,emil.radev@europarl.europa.eu,N/A,N/A,N/A,"Legal affairs, civil liberties, judicial cooperation, data protection, rule of law, e-CODEX digital judicial cooperation, AI Act implementation",JURI; LIBE; PETI,2024-12-15,juri_vice_chair; vice_chair
René REPASI,Germany,S&D,rene.repasi@europarl.europa.eu,N/A,N/A,N/A,"Internal market regulation, AI Act implementation, Digital Services Act, consumer protection, economic governance, digital market regulations",ECON; JURI; ITRE; FISC,2024-12-15,
Christel SCHALDEMOSE,Denmark,S&D,christel.schaldemose@europarl.europa.eu,N/A,N/A,N/A,"Consumer protection, digital services, internal market, AI Act, Digital Services Act - Key rapporteur on digital legislation",IMCO,2024-12-15,dsa_rapporteur; rapporteur
Andreas SCHWAB,Germany,EPP,andreas.schwab@europarl.europa.eu,N/A,N/A,N/A,"Internal market, consumer protection, digital services, Digital Markets Act rapporteur, AI Act, competition policy",IMCO,2024-12-15,dma_rapporteur; rapporteur
Ramona STRUGARIU,Romania,Renew Europe,ramona.strugariu@europarl.europa.eu,N/A,N/A,N/A,"Anti-corruption, rule of law, digital rights, civil liberties, AI governance",LIBE; AFET,2024-12-15,
Jana TOOM,Estonia,Renew Europe,jana.toom@europarl.europa.eu,N/A,N/A,N/A,"EU citizenship rights, digital policy, AI governance, stateless persons, data protection",EMPL; PETI; JURI; FEMM; HOUS,2024-12-15,coordinator
Isabella TOVAGLIERI,Italy,PfE,isabella.tovaglieri@europarl.europa.eu,N/A,N/A,N/A,"Industry, Made in Italy protection, AI Act implementation, digital services, women's rights",ITRE; INTA; AGRI,2024-12-15,
Kim VAN SPARRENTAK,Netherlands,Greens/EFA,kim.vansparrentak@europarl.europa.eu,N/A,N/A,N/A,"Digital rights, privacy, platform economy, AI governance, data protection, gender equality",IMCO; FEMM,2024-12-15,
Axel VOSS,Germany,EPP,axel.voss@europarl.europa.eu,N/A,N/A,N/A,"AI Act, copyright, data protection, digital policy, cybersecurity, GDPR implementation",JURI; IMCO; LIBE,2024-12-15,ai_act_architect; coordinator
Marion WALSMANN,Germany,EPP,marion.walsmann@europarl.europa.eu,N/A,N/A,N/A,"Intellectual property, standard-essential patents, digital policy, technology innovation, AI governance",JURI; ITRE,2024-12-15,
Carlos ZORRINHO,Portugal,S&D,carlos.zorrinho@europarl.europa.eu,N/A,N/A,N/A,"Digital policy, AI governance, cybersecurity, data protection, energy, industrial strategy",ITRE; AIDA,2024-12-15,
Georgios AFTIAS,Greece,EPP,georgios.aftias@europarl.europa.eu,N/A,N/A,N/A,Internal market,IMCO,2024-12-15,
Peter AGIUS,Malta,EPP,peter.agius@europarl.europa.eu,N/A,N/A,N/A,Internal market; Consumer protection,IMCO,2024-12-15,
Alex AGIUS SALIBA,Malta,S&D,alex.agiussaliba@europarl.europa.eu,N/A,N/A,N/A,Internal market; Digital services; Consumer protection,IMCO,2024-12-15,
Pablo ARIAS ECHEVERRÍA,Spain,EPP,pablo.ariasecheverria@europarl.europa.eu,N/A,N/A,N/A,Internal market; Digital single market,IMCO,2024-12-15,
Jeannette BALJEU,Netherlands,Renew,jeannette.baljeu@europarl.europa.eu,N/A,N/A,N/A,Internal market,IMCO,2024-12-15,
Katarina BARLEY,Germany,S&D,katarina.barley@europarl.europa.eu,N/A,N/A,N/A,Civil liberties; Justice; Digital rights,LIBE; IMCO,2024-12-15,
Biljana BORZAN,Croatia,S&D,biljana.borzan@europarl.europa.eu,N/A,N/A,N/A,Internal market; Consumer protection; Health,IMCO; ENVI,2024-12-15,
Stefano CAVEDAGNA,Italy,ECR,stefano.cavedagna@europarl.europa.eu,N/A,N/A,N/A,Internal market,IMCO,2024-12-15,
Leila CHAIBI,France,The Left,leila.chaibi@europarl.europa.eu,N/A,N/A,N/A,Internal market; Platform workers; Digital labor rights,IMCO; EMPL,2024-12-15,
David CORMAND,France,Greens/EFA,david.cormand@europarl.europa.eu,N/A,N/A,N/A,Internal market; Digital rights,IMCO; BUDG,2024-12-15,
Christian DOLESCHAL,Germany,EPP,christian.doleschal@europarl.europa.eu,N/A,N/A,N/A,Internal market - IMCO Vice-Chair; Youth affairs,IMCO,2024-12-15,
Raquel GARCÍA HERMIDA-VAN DER WALLE,Netherlands,Renew,raquel.garciahermidavanderwalle@europarl.europa.eu,N/A,N/A,N/A,Internal market,IMCO,2024-12-15,
Kamila GASIUK-PIHOWICZ,Poland,EPP,kamila.gasiukpihowicz@europarl.europa.eu,N/A,N/A,N/A,Internal market - IMCO Vice-Chair,IMCO,2024-12-15,
Bruno GONÇALVES,Portugal,S&D,bruno.goncalves@europarl.europa.eu,N/A,N/A,N/A,Digital policy; industry; research,ITRE; IMCO,2024-12-15,
Dirk GOTINK,Netherlands,EPP,dirk.gotink@europarl.europa.eu,N/A,N/A,N/A,Internal market; consumer protection,IMCO,2024-12-15,
Sandro GOZI,France,Renew Europe,sandro.gozi@europarl.europa.eu,N/A,N/A,N/A,Constitutional affairs; EU reform; digital single market,IMCO; AFCO,2024-12-15,
Maria GRAPINI,Romania,S&D,maria.grapini@europarl.europa.eu,N/A,N/A,N/A,Internal market; consumer protection; SMEs; Digital Services Act,IMCO,2024-12-15,vice_chair
Elisabeth GROSSMANN,Austria,S&D,elisabeth.grossmann@europarl.europa.eu,N/A,N/A,N/A,Internal market; consumer protection,IMCO,2024-12-15,
Maria GUZENINA,Finland,S&D,maria.guzenina@europarl.europa.eu,N/A,N/A,N/A,Internal market; consumer protection; health,IMCO; ENVI,2024-12-15,
Anna-Maja HENRIKSSON,Finland,Renew Europe,anna-maja.henriksson@europarl.europa.eu,N/A,N/A,N/A,Internal market; consumer protection; civil liberties; justice,IMCO; LIBE,2024-12-15,
Ivars IJABS,Latvia,Renew Europe,ivars.ijabs@europarl.europa.eu,N/A,N/A,N/A,AI; digital transformation; research funding; late payments - STOA Vice-Chair; AI Intergroup member,ITRE; IMCO; ECON,2024-12-15,
Virginie JORON,France,PfE,virginie.joron@europarl.europa.eu,N/A,N/A,N/A,Internal market; consumer protection; petitions,IMCO; PETI,2024-12-15,
Pierre JOUVET,France,S&D,pierre.jouvet@europarl.europa.eu,N/A,N/A,N/A,Internal market; consumer protection,IMCO,2024-12-15,
François KALFON,France,S&D,francois.kalfon@europarl.europa.eu,N/A,N/A,N/A,Space law; internal market - IMCO Space Law Rapporteur,IMCO,2024-12-15,rapporteur
Marina KALJURAND,Estonia,S&D,marina.kaljurand@europarl.europa.eu,N/A,N/A,N/A,Cybersecurity; digital identity; data protection; foreign affairs - Former Foreign Minister,LIBE; IMCO,2024-12-15,vice_chair
Mary KHAN,Germany,ESN,mary.khan@europarl.europa.eu,N/A,N/A,N/A,Civil liberties; legal affairs; internal market,LIBE; JURI; IMCO,2024-12-15,
Sophia KIRCHER,Austria,EPP,sophia.kircher@europarl.europa.eu,N/A,N/A,N/A,Internal market; consumer protection,IMCO,2024-12-15,
Michał KOBOSKO,Poland,Renew Europe,michal.kobosko@europarl.europa.eu,N/A,N/A,N/A,Digital policy; industry; foreign affairs,ITRE; AFET; IMCO,2024-12-15,
Arba KOKALARI,Sweden,EPP,arba.kokalari@europarl.europa.eu,N/A,N/A,N/A,Internal market; consumer protection; Digital Services,IMCO,2024-12-15,
Kateřina KONEČNÁ,Czechia,NI,katerina.konecna@europarl.europa.eu,N/A,N/A,N/A,Internal market; environment,IMCO; ENVI,2024-12-15,
Sebastian KRUIS,Netherlands,PfE,sebastian.kruis@europarl.europa.eu,N/A,N/A,N/A,Internal market; immigration,IMCO; LIBE,2024-12-15,
Alice KUHNKE,Sweden,Greens/EFA,alice.kuhnke@europarl.europa.eu,N/A,N/A,N/A,Anti-corruption; LGBTQ+ rights; anti-racism; civil liberties - Greens/EFA Deputy Chair; Former Culture Minister,LIBE; IMCO; FEMM,2024-12-15,
Katrin LANGENSIEPEN,Germany,Greens/EFA,katrin.langensiepen@europarl.europa.eu,N/A,N/A,N/A,Disability rights; internal market; consumer protection; employment,IMCO; EMPL,2024-12-15,
Judita LAŠŠÁKOVÁ,Slovakia,NI,judita.lassakova@europarl.europa.eu,N/A,N/A,N/A,Internal market; budget,IMCO; BUDG,2024-12-15,
Morten LØKKEGAARD,Denmark,Renew Europe,morten.lokkegaard@europarl.europa.eu,N/A,N/A,N/A,Industry; digital media; internal market,ITRE; IMCO,2024-12-15,
Marlena MALĄG,Poland,ECR,marlena.malag@europarl.europa.eu,N/A,N/A,N/A,Employment; internal market,EMPL; IMCO,2024-12-15,
Pierfrancesco MARAN,Italy,S&D,pierfrancesco.maran@europarl.europa.eu,N/A,N/A,N/A,Internal market; consumer protection; urban affairs,IMCO,2024-12-15,
Jorge MARTÍN FRÍAS,Spain,PfE,jorge.martinfrias@europarl.europa.eu,N/A,N/A,N/A,Internal market; consumer protection,IMCO,2024-12-15,
Eva MAYDELL,Bulgaria,EPP,eva.maydell@europarl.europa.eu,N/A,N/A,N/A,Digital economy; AI regulation; innovation; blockchain,ITRE; IMCO,2024-12-15,
Idoia MENDIA,Spain,S&D,idoia.mendia@europarl.europa.eu,N/A,N/A,N/A,Internal market; employment,IMCO; EMPL,2024-12-15,
Nikola MINCHEV,Bulgaria,Renew Europe,nikola.minchev@europarl.europa.eu,N/A,N/A,N/A,Internal market; civil liberties - IMCO Vice-Chair; Former Parliament Speaker,IMCO; LIBE,2024-12-15,vice_chair
Piotr MÜLLER,Poland,ECR,piotr.muller@europarl.europa.eu,N/A,N/A,N/A,Internal market; consumer protection,IMCO,2024-12-15,
Denis NESCI,Italy,ECR,denis.nesci@europarl.europa.eu,N/A,N/A,N/A,"Regional development, Southern Italy issues",REGI; IMCO,2024-12-15,
Angelika NIEBLER,Germany,EPP,angelika.niebler@europarl.europa.eu,N/A,N/A,N/A,"Industry, research, energy, cybersecurity, data governance, AI/digital policy - Rapporteur on Data Governance Act and Cybersecurity Act",ITRE; JURI; IMCO; AFET; SEDE,2024-12-15,rapporteur
Cynthia NÍ MHURCHÚ,Ireland,Renew,cynthia.nimhurchu@europarl.europa.eu,N/A,N/A,N/A,"Consumer protection, internal market",IMCO,2024-12-15,
Daniel OBAJTEK,Poland,ECR,daniel.obajtek@europarl.europa.eu,N/A,N/A,N/A,"Industrial policy, energy, Clean Industrial Deal, EU competitiveness",ITRE; IMCO,2024-12-15,coordinator
Philippe OLIVIER,France,PfE,philippe.olivier@europarl.europa.eu,N/A,N/A,N/A,"Transport, internal market, consumer protection, digital services",TRAN; IMCO,2024-12-15,
Aldo PATRICIELLO,Italy,PfE,aldo.patriciello@europarl.europa.eu,N/A,N/A,N/A,"Internal market, consumer protection, industry policy, digital services",IMCO; ITRE,2024-12-15,
Daniele POLATO,Italy,ECR,daniele.polato@europarl.europa.eu,N/A,N/A,N/A,"Internal market, consumer protection, digital services",IMCO,2024-12-15,
Reinis POZŅAKS,Latvia,ECR,reinis.poznaks@europarl.europa.eu,N/A,N/A,N/A,"Internal market, consumer protection, digital services, data governance",IMCO,2024-12-15,
Aura SALLA,Finland,EPP,aura.salla@europarl.europa.eu,N/A,N/A,N/A,"Consumer protection, internal market, digital services, industry",IMCO; ITRE,2024-12-15,
Paulius SAUDARGAS,Lithuania,EPP,paulius.saudargas@europarl.europa.eu,N/A,N/A,N/A,"Industry, research, internal market, consumer protection, digital policy",ITRE; IMCO,2024-12-15,
Ernő SCHALLER-BAROSS,Hungary,PfE,erno.schallerbaross@europarl.europa.eu,N/A,N/A,N/A,"Internal market, consumer protection, digital services, legal affairs",IMCO; JURI,2024-12-15,
Joanna SCHEURING-WIELGUS,Poland,S&D,joanna.scheuringwielgus@europarl.europa.eu,N/A,N/A,N/A,"Consumer protection, internal market, digital services, women's rights",IMCO; FEMM,2024-12-15,
Tomislav SOKOL,Croatia,EPP,tomislav.sokol@europarl.europa.eu,N/A,N/A,N/A,"Public health, consumer protection, internal market, digital services, Balkans relations",SANT; IMCO; ENVI; AFCO,2024-12-15,
Inese VAIDERE,Latvia,EPP,inese.vaidere@europarl.europa.eu,N/A,N/A,N/A,"Internal market, consumer protection, digital single market, data governance",IMCO; ECON,2024-12-15,
Ivaylo VALCHEV,Bulgaria,ECR,ivaylo.valchev@europarl.europa.eu,N/A,N/A,N/A,"Conservative policies, internal market",IMCO; AGRI,2024-12-15,
Adina-Ioana VĂLEAN,Romania,EPP,adina.valean@europarl.europa.eu,N/A,N/A,N/A,"Transport, infrastructure, digital policy, AI applications in transport",IMCO; TRAN,2024-12-15,
Tom VANDENDRIESSCHE,Belgium,PfE,tom.vandendriessche@europarl.europa.eu,N/A,N/A,N/A,"Flemish nationalism, sovereignty, internal market",IMCO; AFET,2024-12-15,
Reinier VAN LANSCHOT,Netherlands,Greens/EFA,reinier.vanlanschot@europarl.europa.eu,N/A,N/A,N/A,"Pan-European progressive policies, digital innovation, sustainability",IMCO; ECON,2024-12-15,
Sabine VERHEYEN,Germany,EPP,sabine.verheyen@europarl.europa.eu,N/A,N/A,N/A,"Culture, education, media, digital cultural policy, AI in media",IMCO; CULT,2024-12-15,
Yvan VEROUGSTRAETE,Belgium,Renew Europe,yvan.verougstraete@europarl.europa.eu,N/A,N/A,N/A,"Christian democratic/centrist policies, industry, research",ITRE; IMCO,2024-12-15,vice_chair
Mariateresa VIVALDINI,Italy,ECR,mariateresa.vivaldini@europarl.europa.eu,N/A,N/A,N/A,"Conservative national policies, industry, internal market",ITRE; IMCO,2024-12-15,
Tomáš ZDECHOVSKÝ,Czechia,EPP,tomas.zdechovsky@europarl.europa.eu,N/A,N/A,N/A,"Rule of law, migration, security, media, internal market, consumer protection, data protection",CONT; LIBE; EUDS; IMCO,2024-12-15,
Magdalena ADAMOWICZ,Poland,EPP,magdalena.adamowicz@europarl.europa.eu,N/A,N/A,N/A,Civil liberties; Rule of law,LIBE,2024-12-15,
Abir AL-SAHLANI,Sweden,Renew,abir.al-sahlani@europarl.europa.eu,N/A,N/A,N/A,Civil liberties; Migration,LIBE,2024-12-15,
Christine ANDERSON,Germany,ESN,christine.anderson@europarl.europa.eu,N/A,N/A,N/A,Civil liberties,LIBE,2024-12-15,
Giuseppe ANTOCI,Italy,The Left,giuseppe.antoci@europarl.europa.eu,N/A,N/A,N/A,Civil liberties; Organized crime,LIBE,2024-12-15,
Konstantinos ARVANITIS,Greece,The Left,konstantinos.arvanitis@europarl.europa.eu,N/A,N/A,N/A,Civil liberties; Human rights,LIBE,2024-12-15,
Malik AZMANI,Netherlands,Renew,malik.azmani@europarl.europa.eu,N/A,N/A,N/A,Civil liberties; Migration,LIBE,2024-12-15,
François-Xavier BELLAMY,France,EPP,francoisxavier.bellamy@europarl.europa.eu,N/A,N/A,N/A,Civil liberties; Culture,LIBE; CULT,2024-12-15,
Ioan-Rareş BOGDAN,Romania,EPP,ioanrares.bogdan@europarl.europa.eu,N/A,N/A,N/A,Civil liberties; Foreign affairs,LIBE; AFET,2024-12-15,
Jaume ASENS LLODRÀ,Spain,Greens/EFA,jaume.asensllodra@europarl.europa.eu,N/A,N/A,N/A,Civil liberties; Justice,LIBE,2024-12-15,
Gordan BOSANAC,Croatia,Greens/EFA,gordan.bosanac@europarl.europa.eu,N/A,N/A,N/A,Civil liberties; Human rights,LIBE,2024-12-15,
Krzysztof BREJZA,Poland,EPP,krzysztof.brejza@europarl.europa.eu,N/A,N/A,N/A,Civil liberties,LIBE,2024-12-15,
Saskia BRICMONT,Belgium,Greens/EFA,saskia.bricmont@europarl.europa.eu,N/A,N/A,N/A,Civil liberties; Trade; Digital rights,LIBE; INTA,2024-12-15,
Joachim Stanisław BRUDZIŃSKI,Poland,ECR,joachimstanislaw.brudzinski@europarl.europa.eu,N/A,N/A,N/A,Civil liberties,LIBE,2024-12-15,
Damien CARÊME,France,The Left,damien.careme@europarl.europa.eu,N/A,N/A,N/A,Civil liberties; Migration,LIBE,2024-12-15,
Susanna CECCARDI,Italy,PfE,susanna.ceccardi@europarl.europa.eu,N/A,N/A,N/A,Civil liberties,LIBE,2024-12-15,
Caterina CHINNICI,Italy,EPP,caterina.chinnici@europarl.europa.eu,N/A,N/A,N/A,Civil liberties; Justice,LIBE,2024-12-15,
Lena DÜPONT,Germany,EPP,lena.dupont@europarl.europa.eu,N/A,N/A,N/A,Civil liberties; Migration,LIBE,2024-12-15,
Loucas FOURLAS,Cyprus,EPP,loucas.fourlas@europarl.europa.eu,N/A,N/A,N/A,Civil liberties; Child rights,LIBE,2024-12-15,
Daniel FREUND,Germany,Greens/EFA,daniel.freund@europarl.europa.eu,N/A,N/A,N/A,Budget control; Rule of law; Transparency,CONT; LIBE,2024-12-15,
Kinga GÁL,Hungary,PfE,kinga.gal@europarl.europa.eu,N/A,N/A,N/A,Civil liberties,LIBE,2024-12-15,
Estrella GALÁN,Spain,The Left,estrella.galan@europarl.europa.eu,N/A,N/A,N/A,Civil liberties - LIBE Vice-Chair; Human rights; Migration,LIBE,2024-12-15,
Jean-Paul GARRAUD,France,PfE,jeanpaul.garraud@europarl.europa.eu,N/A,N/A,N/A,Civil liberties,LIBE,2024-12-15,
Alexandra GEESE,Germany,Greens/EFA,alexandra.geese@europarl.europa.eu,N/A,N/A,N/A,Civil liberties; AI ethics; Algorithmic accountability; Digital rights,LIBE,2024-12-15,
Markéta GREGOROVÁ,Czechia,Greens/EFA,marketa.gregorova@europarl.europa.eu,N/A,N/A,N/A,Digital rights; disinformation; foreign interference; cybersecurity,ITRE; LIBE,2024-12-15,
Branko GRIMS,Slovenia,EPP,branko.grims@europarl.europa.eu,N/A,N/A,N/A,Civil liberties; justice; home affairs,LIBE,2024-12-15,
Andrzej HALICKI,Poland,EPP,andrzej.halicki@europarl.europa.eu,N/A,N/A,N/A,Civil liberties; rule of law,LIBE,2024-12-15,
Hannes HEIDE,Austria,S&D,hannes.heide@europarl.europa.eu,N/A,N/A,N/A,Culture; education; regional development; civil liberties,CULT; REGI; LIBE,2024-12-15,
Monika HOHLMEIER,Germany,EPP,monika.hohlmeier@europarl.europa.eu,N/A,N/A,N/A,Budgetary control; counter-terrorism; security; AI in law enforcement,CONT; LIBE,2024-12-15,chair; cont_chair
Evin INCIR,Sweden,S&D,evin.incir@europarl.europa.eu,N/A,N/A,N/A,Human rights; civil liberties; gender-based violence; migration; digital rights,LIBE; AFET; EUDS,2024-12-15,
Paolo INSELVINI,Italy,ECR,paolo.inselvini@europarl.europa.eu,N/A,N/A,N/A,Civil liberties; justice; home affairs,LIBE,2024-12-15,
Irena JOVEVA,Slovenia,Renew Europe,irena.joveva@europarl.europa.eu,N/A,N/A,N/A,Civil liberties; justice; culture,LIBE; CULT,2024-12-15,
Rasa JUKNEVIČIENĖ,Lithuania,EPP,rasa.jukneviciene@europarl.europa.eu,N/A,N/A,N/A,Foreign affairs; defense; civil liberties,AFET; SEDE; LIBE,2024-12-15,
Erik KALIŇÁK,Slovakia,NI,erik.kalinak@europarl.europa.eu,N/A,N/A,N/A,Civil liberties; justice,LIBE,2024-12-15,
Mariusz KAMIŃSKI,Poland,ECR,mariusz.kaminski@europarl.europa.eu,N/A,N/A,N/A,Civil liberties; justice; home affairs,LIBE,2024-12-15,
Radan KANEV,Bulgaria,EPP,radan.kanev@europarl.europa.eu,N/A,N/A,N/A,Industry; research; rule of law,ITRE; LIBE,2024-12-15,
Assita KANKO,Belgium,ECR,assita.kanko@europarl.europa.eu,N/A,N/A,N/A,Migration; security; civil liberties,LIBE,2024-12-15,
Fabienne KELLER,France,Renew Europe,fabienne.keller@europarl.europa.eu,N/A,N/A,N/A,Migration; asylum policy; civil liberties,LIBE,2024-12-15,
Kinga KOLLÁR,Hungary,EPP,kinga.kollar@europarl.europa.eu,N/A,N/A,N/A,Civil liberties; women's rights,LIBE; FEMM,2024-12-15,
Moritz KÖRNER,Germany,Renew Europe,moritz.koerner@europarl.europa.eu,N/A,N/A,N/A,AI; digital policy; cybersecurity; data protection; civil liberties - AI Intergroup member,LIBE; BUDG,2024-12-15,
András LÁSZLÓ,Hungary,PfE,andras.laszlo@europarl.europa.eu,N/A,N/A,N/A,Civil liberties; industry,LIBE; ITRE,2024-12-15,
Afroditi LATINOPOULOU,Greece,PfE,afroditi.latinopoulou@europarl.europa.eu,N/A,N/A,N/A,Civil liberties; migration,LIBE,2024-12-15,
Murielle LAURENT,France,S&D,murielle.laurent@europarl.europa.eu,N/A,N/A,N/A,Civil liberties; justice,LIBE,2024-12-15,
Fabrice LEGGERI,France,PfE,fabrice.leggeri@europarl.europa.eu,N/A,N/A,N/A,Civil liberties; migration; border control - Former Frontex Director,LIBE,2024-12-15,
Jeroen LENAERS,Netherlands,EPP,jeroen.lenaers@europarl.europa.eu,N/A,N/A,N/A,Cybersecurity; AI in law enforcement; data protection; migration - EPP Vice-Chair; Former LIBE Chair,LIBE; EMPL,2024-12-15,
Nathalie LOISEAU,France,Renew Europe,nathalie.loiseau@europarl.europa.eu,N/A,N/A,N/A,European security; defense; foreign interference; disinformation; cybersecurity - Former Minister; EU-UK Assembly Chair,AFET; SEDE; LIBE; EUDS,2024-12-15,coordinator
Juan Fernando LÓPEZ AGUILAR,Spain,S&D,juanfernando.lopezaguilar@europarl.europa.eu,N/A,N/A,N/A,Civil liberties; justice; migration; data protection,LIBE,2024-12-15,
Mimmo LUCANO,Italy,The Left,mimmo.lucano@europarl.europa.eu,N/A,N/A,N/A,Migration; civil liberties,LIBE,2024-12-15,
Lukas MANDL,Austria,EPP,lukas.mandl@europarl.europa.eu,N/A,N/A,N/A,Civil liberties; legal affairs; security,LIBE; JURI; SEDE,2024-12-15,vice_chair
Erik MARQUARDT,Germany,Greens/EFA,erik.marquardt@europarl.europa.eu,N/A,N/A,N/A,Civil liberties; migration; asylum,LIBE,2024-12-15,
Michael MCNAMARA,Ireland,Renew Europe,michael.mcnamara@europarl.europa.eu,N/A,N/A,N/A,Civil liberties; AI monitoring - AI Monitoring Group co-chair,LIBE; ITRE,2024-12-15,
Ana Catarina MENDES,Portugal,S&D,anacatarina.mendes@europarl.europa.eu,N/A,N/A,N/A,Civil liberties; justice,LIBE,2024-12-15,
Verena MERTENS,Germany,EPP,verena.mertens@europarl.europa.eu,N/A,N/A,N/A,Civil liberties; women's rights,LIBE; FEMM,2024-12-15,
Giuseppe MILAZZO,Italy,ECR,giuseppe.milazzo@europarl.europa.eu,N/A,N/A,N/A,Civil liberties; fisheries,LIBE; PECH,2024-12-15,
Dolors MONTSERRAT,Spain,EPP,dolors.montserrat@europarl.europa.eu,N/A,N/A,N/A,Petitions; civil liberties - PETI Chair,PETI; LIBE,2024-12-15,chair; peti_chair
Nadine MORANO,France,EPP,nadine.morano@europarl.europa.eu,N/A,N/A,N/A,Civil liberties; security,LIBE,2024-12-15,
Javier MORENO SÁNCHEZ,Spain,S&D,javier.morenosanchez@europarl.europa.eu,N/A,N/A,N/A,Civil liberties; migration,LIBE,2024-12-15,
Matjaž NEMEC,Slovenia,S&D,matjaz.nemec@europarl.europa.eu,N/A,N/A,N/A,"Foreign policy, international relations",AFET; LIBE,2024-12-15,
Hannah NEUMANN,Germany,Greens/EFA,hannah.neumann@europarl.europa.eu,N/A,N/A,N/A,"Human rights, peace policy, security, surveillance technologies (Pegasus inquiry), Middle East policy",AFET; SEDE; LIBE; DROI,2024-12-15,coordinator
Janina OCHOJSKA,Poland,EPP,janina.ochojska@europarl.europa.eu,N/A,N/A,N/A,"Human rights, development aid, migration, civil liberties",DEVE; DROI; LIBE,2024-12-15,
Jan-Christoph OETJEN,Germany,Renew,janchristoph.oetjen@europarl.europa.eu,N/A,N/A,N/A,"Transport policy, mobility, civil liberties, human rights - EP Vice-President",TRAN; LIBE; DROI,2024-12-15,coordinator
João OLIVEIRA,Portugal,The Left,joao.oliveira@europarl.europa.eu,N/A,N/A,N/A,"Economic justice, workers' rights, social policy",ECON; EMPL; ITRE; LIBE,2024-12-15,
Aodhán Ó RÍORDÁIN,Ireland,S&D,aodhan.oriordain@europarl.europa.eu,N/A,N/A,N/A,"Workers' rights, housing, civil liberties, human rights, equality, data protection, digital rights",EMPL; LIBE; DROI,2024-12-15,
Leoluca ORLANDO,Italy,Greens/EFA,leoluca.orlando@europarl.europa.eu,N/A,N/A,N/A,"Foreign affairs, Mediterranean policy, civil liberties, constitutional matters, anti-mafia",AFET; LIBE; AFCO,2024-12-15,
Jacek OZDOBA,Poland,ECR,jacek.ozdoba@europarl.europa.eu,N/A,N/A,N/A,"Environment, civil liberties",ENVI; LIBE,2024-12-15,
Ana Miguel PEDRO,Portugal,EPP,anamiguel.pedro@europarl.europa.eu,N/A,N/A,N/A,"Conservative policy, Portuguese affairs, civil liberties",LIBE,2024-12-15,
Alvise PÉREZ,Spain,NI,alvise.perez@europarl.europa.eu,N/A,N/A,N/A,Anti-establishment politics,LIBE,2024-12-15,
Hristo PETROV,Bulgaria,Renew,hristo.petrov@europarl.europa.eu,N/A,N/A,N/A,"Democratic reform, anti-corruption",CONT; LIBE,2024-12-15,
Pina PICIERNO,Italy,S&D,pina.picierno@europarl.europa.eu,N/A,N/A,N/A,"Civil liberties, democracy, foreign affairs - EP Vice-President",AFET; LIBE,2024-12-15,
Pascale PIERA,France,PfE,pascale.piera@europarl.europa.eu,N/A,N/A,N/A,"Industry policy, energy, research, legal affairs, civil liberties",ITRE; JURI; LIBE,2024-12-15,
Nicola PROCACCINI,Italy,ECR,nicola.procaccini@europarl.europa.eu,N/A,N/A,N/A,"Industry policy, energy, research, digital transformation - ECR Co-Chair",ITRE; LIBE,2024-12-15,
Emma RAFOWICZ,France,S&D,emma.rafowicz@europarl.europa.eu,N/A,N/A,N/A,"Culture, education, youth policy",CULT; LIBE,2024-12-15,
Karlo RESSLER,Croatia,EPP,karlo.ressler@europarl.europa.eu,N/A,N/A,N/A,"Budgetary policy, civil liberties, human trafficking, EU enlargement",BUDG; CONT; LIBE,2024-12-15,
Thijs REUTEN,Netherlands,S&D,thijs.reuten@europarl.europa.eu,N/A,N/A,N/A,"Foreign affairs, EU enlargement, civil liberties, rule of law",AFET; LIBE,2024-12-15,
Diana RIBA I GINER,Spain,Greens/EFA,diana.ribaiginer@europarl.europa.eu,N/A,N/A,N/A,"Women's rights, human rights, civil liberties, EU-Central America relations",FEMM; LIBE; DCAM (Chair),2024-12-15,chair
Chloé RIDEL,France,S&D,chloe.ridel@europarl.europa.eu,N/A,N/A,N/A,"Civil liberties, data protection, digital rights, environment",LIBE; ENVI,2024-12-15,
Sandro RUOTOLO,Italy,S&D,sandro.ruotolo@europarl.europa.eu,N/A,N/A,N/A,"Foreign affairs, civil liberties",AFET; LIBE,2024-12-15,
Ilaria SALIS,Italy,The Left,ilaria.salis@europarl.europa.eu,N/A,N/A,N/A,"Civil liberties, human rights, digital rights",LIBE,2024-12-15,
Nacho SÁNCHEZ AMOR,Spain,S&D,nacho.sanchezamor@europarl.europa.eu,N/A,N/A,N/A,"Foreign affairs, civil liberties, human rights, data protection",AFET; LIBE,2024-12-15,
Oliver SCHENK,Germany,EPP,oliver.schenk@europarl.europa.eu,N/A,N/A,N/A,"Civil liberties, data protection, industry",LIBE; ITRE,2024-12-15,
Alexander SELL,Germany,ESN,alexander.sell@europarl.europa.eu,N/A,N/A,N/A,"Civil liberties, national sovereignty",LIBE,2024-12-15,
Isabel SERRA SÁNCHEZ,Spain,The Left,isabel.serrasanchez@europarl.europa.eu,N/A,N/A,N/A,"Civil liberties, human rights, digital rights",LIBE,2024-12-15,
Bartłomiej SIENKIEWICZ,Poland,EPP,bartlomiej.sienkiewicz@europarl.europa.eu,N/A,N/A,N/A,"Civil liberties, security, data protection",LIBE,2024-12-15,
Birgit SIPPEL,Germany,S&D,birgit.sippel@europarl.europa.eu,N/A,N/A,N/A,"Civil liberties, data protection, privacy, digital rights, justice and home affairs - Key LIBE expert",LIBE,2024-12-15,
Krzysztof ŚMISZEK,Poland,S&D,krzysztof.smiszek@europarl.europa.eu,N/A,N/A,N/A,"Civil liberties, human rights, legal affairs, LGBTI rights, data protection",LIBE; JURI,2024-12-15,
Sander SMIT,Netherlands,EPP,sander.smit@europarl.europa.eu,N/A,N/A,N/A,"Civil liberties, data protection, security",LIBE,2024-12-15,
Malika SOREL,France,PfE,malika.sorel@europarl.europa.eu,N/A,N/A,N/A,"National identity, immigration policy, French sovereignty",LIBE,2024-12-15,
Diana ȘOȘOACĂ,Romania,NI,diana.sosoaca@europarl.europa.eu,N/A,N/A,N/A,"National sovereignty, conservative values, civil liberties",LIBE,2024-12-15,
Tineke STRIK,Netherlands,Greens/EFA,tineke.strik@europarl.europa.eu,N/A,N/A,N/A,"Migration, human rights, rule of law, Frontex accountability, data protection",AFET; DROI; LIBE,2024-12-15,
Dominik TARCZYŃSKI,Poland,ECR,dominik.tarczynski@europarl.europa.eu,N/A,N/A,N/A,"Conservative values, national sovereignty, security",LIBE; AFET,2024-12-15,
Georgiana TEODORESCU,Romania,ECR,georgiana.teodorescu@europarl.europa.eu,N/A,N/A,N/A,"Conservative values, Romanian sovereignty",LIBE; FEMM,2024-12-15,
Pierre-Romain THIONNET,France,PfE,pierre-romain.thionnet@europarl.europa.eu,N/A,N/A,N/A,"National sovereignty, immigration, French interests",LIBE,2024-12-15,
Beatrice TIMGREN,Sweden,ECR,beatrice.timgren@europarl.europa.eu,N/A,N/A,N/A,"Immigration policy, national identity, Swedish interests",LIBE; FEMM,2024-12-15,
Tomas TOBÉ,Sweden,EPP,tomas.tobe@europarl.europa.eu,N/A,N/A,N/A,"Development aid, migration, asylum policy, civil liberties, digital policy",DEVE; LIBE; ITRE; EUDS,2024-12-15,chair; deve_chair
Rody TOLASSY,France,PfE,rody.tolassy@europarl.europa.eu,N/A,N/A,N/A,"National sovereignty, French interests, immigration",LIBE,2024-12-15,
Zala TOMAŠIČ,Slovenia,EPP,zala.tomasic@europarl.europa.eu,N/A,N/A,N/A,"Conservative Slovenian policies, justice",JURI; LIBE,2024-12-15,
Sebastian TYNKKYNEN,Finland,ECR,sebastian.tynkkynen@europarl.europa.eu,N/A,N/A,N/A,"Immigration policy, Finnish interests, national sovereignty",LIBE; CULT,2024-12-15,
Milan UHRÍK,Slovakia,ESN,milan.uhrik@europarl.europa.eu,N/A,N/A,N/A,"National sovereignty, conservative nationalism",LIBE; AFET,2024-12-15,
Matthieu VALET,France,PfE,matthieu.valet@europarl.europa.eu,N/A,N/A,N/A,"National sovereignty, security, law enforcement",LIBE,2024-12-15,
Brigitte VAN DEN BERG,Netherlands,Renew Europe,brigitte.vandenberg@europarl.europa.eu,N/A,N/A,N/A,"Liberal progressive policies, civil liberties",LIBE; AFET,2024-12-15,
Roberto VANNACCI,Italy,PfE,roberto.vannacci@europarl.europa.eu,N/A,N/A,N/A,"Right-wing nationalism, security, defence",AFET; LIBE,2024-12-15,
Harald VILIMSKY,Austria,PfE,harald.vilimsky@europarl.europa.eu,N/A,N/A,N/A,"National sovereignty, migration control, security",LIBE; AFET,2024-12-15,coordinator
Anders VISTISEN,Denmark,PfE,anders.vistisen@europarl.europa.eu,N/A,N/A,N/A,"Right-wing Eurosceptic policies, sovereignty",AFET; LIBE,2024-12-15,
Elissavet VOZEMBERG-VRIONIDI,Greece,EPP,elissavet.vozemberg@europarl.europa.eu,N/A,N/A,N/A,"Conservative policies, women's rights, justice",FEMM; LIBE,2024-12-15,
Adrián VÁZQUEZ LÁZARA,Spain,EPP,adrian.vazquez@europarl.europa.eu,N/A,N/A,N/A,"Center-right policies, legal affairs, justice",JURI; LIBE,2024-12-15,
Maciej WĄSIK,Poland,ECR,maciej.wasik@europarl.europa.eu,N/A,N/A,N/A,"Security, justice, budgetary matters",CONT; LIBE,2024-12-15,
Michał WAWRYKIEWICZ,Poland,EPP,michal.wawrykiewicz@europarl.europa.eu,N/A,N/A,N/A,"Rule of law, legal affairs, judicial independence",JURI; LIBE,2024-12-15,
Sophie WILMÈS,Belgium,Renew Europe,sophie.wilmes@europarl.europa.eu,N/A,N/A,N/A,"Human rights, democracy, rule of law, digital policy, transatlantic relations",EP Vice-President; LIBE; ITRE; EUDS,2024-12-15,ep_vice_president
Jadwiga WIŚNIEWSKA,Poland,ECR,jadwiga.wisniewska@europarl.europa.eu,N/A,N/A,N/A,"Justice and home affairs, environment, women's rights, data protection",LIBE; ENVI; FEMM,2024-12-15,
Ewa ZAJĄCZKOWSKA-HERNIK,Poland,ESN,ewa.zajaczkowska-hernik@europarl.europa.eu,N/A,N/A,N/A,"National sovereignty, migration policy, EU reform",LIBE,2024-12-15,
Oihane AGIRREGOITIA MARTÍNEZ,Spain,Renew,oihane.agirregoitiamartinez@europarl.europa.eu,N/A,N/A,N/A,Industry; Research,ITRE,2024-12-15,
Wouter BEKE,Belgium,EPP,wouter.beke@europarl.europa.eu,N/A,N/A,N/A,Industry; Research; Energy,ITRE,2024-12-15,
Hildegard BENTELE,Germany,EPP,hildegard.bentele@europarl.europa.eu,N/A,N/A,N/A,Industry; Research; Energy; Digital innovation,ITRE,2024-12-15,
Tom BERENDSEN,Netherlands,EPP,tom.berendsen@europarl.europa.eu,N/A,N/A,N/A,Industry; Research; Energy; Transport,ITRE; TRAN,2024-12-15,
Michael BLOSS,Germany,Greens/EFA,michael.bloss@europarl.europa.eu,N/A,N/A,N/A,Industry; Research; Energy; Climate,ITRE; ENVI,2024-12-15,
Paolo BORCHIA,Italy,PfE,paolo.borchia@europarl.europa.eu,N/A,N/A,N/A,Industry; Research; Energy,ITRE,2024-12-15,
Borys BUDKA,Poland,EPP,borys.budka@europarl.europa.eu,N/A,N/A,N/A,Industry; Research; Energy - Committee Chair,ITRE,2024-12-15,itre_chair
Pilar DEL CASTILLO VERA,Spain,EPP,pilar.delcastillovera@europarl.europa.eu,N/A,N/A,N/A,Industry; Research; Energy; Digital infrastructure; Data Act Rapporteur,ITRE,2024-12-15,rapporteur
Anna Maria CISINT,Italy,PfE,annamaria.cisint@europarl.europa.eu,N/A,N/A,N/A,Industry; Research,ITRE,2024-12-15,
João COTRIM DE FIGUEIREDO,Portugal,Renew,joao.cotrimdefigueiredo@europarl.europa.eu,N/A,N/A,N/A,Industry; Research; Energy,ITRE,2024-12-15,
Elena DONAZZAN,Italy,ECR,elena.donazzan@europarl.europa.eu,N/A,N/A,N/A,Industry; Research; Energy - ITRE Vice-Chair,ITRE,2024-12-15,itre_vice_chair
Christian EHLER,Germany,EPP,christian.ehler@europarl.europa.eu,N/A,N/A,N/A,Industry; Research; Energy; STOA Chair; Horizon Europe; Digital research; AI policy,ITRE,2024-12-15,
Sofie ERIKSSON,Sweden,S&D,sofie.eriksson@europarl.europa.eu,N/A,N/A,N/A,Industry,ITRE,2024-12-15,
Niels FUGLSANG,Denmark,S&D,niels.fuglsang@europarl.europa.eu,N/A,N/A,N/A,Industry; Energy; Climate,ITRE; ENVI,2024-12-15,
Sunčana GLAVAK,Croatia,EPP,suncana.glavak@europarl.europa.eu,N/A,N/A,N/A,Industry; Transport,ITRE; TRAN,2024-12-15,
Andreas GLÜCK,Germany,Renew Europe,andreas.glueck@europarl.europa.eu,N/A,N/A,N/A,Environment; public health; energy policy; medical affairs,ENVI; ITRE; SANT,2024-12-15,
Nicolás GONZÁLEZ CASARES,Spain,S&D,nicolas.gonzalezcasares@europarl.europa.eu,N/A,N/A,N/A,Renewable energy; clean energy transition; Digital Services; electricity market reform,ITRE; ENVI; SANT; PECH,2024-12-15,
Giorgio GORI,Italy,S&D,giorgio.gori@europarl.europa.eu,N/A,N/A,N/A,Digital policy; industry; research; energy,ITRE,2024-12-15,vice_chair
Petras GRAŽULIS,Lithuania,ESN,petras.grazulis@europarl.europa.eu,N/A,N/A,N/A,Sovereignty; traditional values,ITRE,2024-12-15,
Bart GROOTHUIS,Netherlands,Renew Europe,bart.groothuis@europarl.europa.eu,N/A,N/A,N/A,Cybersecurity; NIS2 Directive; digital infrastructure; AI; data protection,ITRE; AFET; INTA,2024-12-15,
Christophe GRUDLER,France,Renew Europe,christophe.grudler@europarl.europa.eu,N/A,N/A,N/A,Digital policy; energy; defense; space policy,ITRE; AFET,2024-12-15,coordinator
Elisabetta GUALMINI,Italy,S&D,elisabetta.gualmini@europarl.europa.eu,N/A,N/A,N/A,Industry; research; energy; employment,ITRE; EMPL,2024-12-15,
András GYÜRK,Hungary,PfE,andras.gyurk@europarl.europa.eu,N/A,N/A,N/A,Industry; research; energy,ITRE,2024-12-15,
Michalis HADJIPANTELA,Cyprus,EPP,michalis.hadjipantela@europarl.europa.eu,N/A,N/A,N/A,Industry; research; health,ITRE; ENVI,2024-12-15,
Niels Flemming HANSEN,Denmark,EPP,nielsflemming.hansen@europarl.europa.eu,N/A,N/A,N/A,Industry; research; energy,ITRE,2024-12-15,
Eero HEINÄLUOMA,Finland,S&D,eero.heinaluoma@europarl.europa.eu,N/A,N/A,N/A,Industry; research; energy; economic affairs,ITRE; ECON,2024-12-15,
Krzysztof HETMAN,Poland,EPP,krzysztof.hetman@europarl.europa.eu,N/A,N/A,N/A,Industry; research; agriculture,ITRE; AGRI,2024-12-15,
Martin HOJSÍK,Slovakia,Renew Europe,martin.hojsik@europarl.europa.eu,N/A,N/A,N/A,Environment; industry; employment - EP Vice-President,EMPL; ENVI; ITRE,2024-12-15,
Diana IOVANOVICI ŞOŞOACĂ,Romania,NI,diana.iovanovici@europarl.europa.eu,N/A,N/A,N/A,Industry; women's rights,ITRE; FEMM,2024-12-15,
Patryk JAKI,Poland,ECR,patryk.jaki@europarl.europa.eu,N/A,N/A,N/A,Rule of law; migration; EU institutional reform - ECR Co-Chairman,ITRE; AFCO; Conference of Presidents,2024-12-15,
Adam JARUBAS,Poland,EPP,adam.jarubas@europarl.europa.eu,N/A,N/A,N/A,Public health; digital health; green transformation - SANT Committee Chair,SANT; ITRE; ENVI,2024-12-15,chair; sant_chair
Romana JERKOVIĆ,Croatia,S&D,romana.jerkovic@europarl.europa.eu,N/A,N/A,N/A,Energy; environment; regional development,ITRE; ENVI; REGI,2024-12-15,
Seán KELLY,Ireland,EPP,sean.kelly@europarl.europa.eu,N/A,N/A,N/A,Industry; research; energy; digital infrastructure,ITRE,2024-12-15,
Rudi KENNES,Belgium,The Left,rudi.kennes@europarl.europa.eu,N/A,N/A,N/A,Industry; research; energy,ITRE,2024-12-15,
Sarah KNAFO,France,ESN,sarah.knafo@europarl.europa.eu,N/A,N/A,N/A,Industry; economic affairs,ITRE; ECON,2024-12-15,
Ondřej KNOTEK,Czechia,PfE,ondrej.knotek@europarl.europa.eu,N/A,N/A,N/A,Industry; research; energy,ITRE,2024-12-15,
Rihards KOLS,Latvia,ECR,rihards.kols@europarl.europa.eu,N/A,N/A,N/A,Industry; research; foreign affairs,ITRE; AFET,2024-12-15,
Ondřej KRUTÍLEK,Czechia,ECR,ondrej.krutilek@europarl.europa.eu,N/A,N/A,N/A,Industry; research; energy; environment,ITRE; ENVI,2024-12-15,
Katri KULMUNI,Finland,Renew Europe,katri.kulmuni@europarl.europa.eu,N/A,N/A,N/A,Industry; research; finance,ITRE; ECON,2024-12-15,
Sergey LAGODINSKY,Germany,Greens/EFA,sergey.lagodinsky@europarl.europa.eu,N/A,N/A,N/A,Digital rights; AI liability; data protection; rule of law - JURI Coordinator (Greens); Greens/EFA Vice-Chair,JURI; ITRE; AFET,2024-12-15,coordinator
Eszter LAKOS,Hungary,EPP,eszter.lakos@europarl.europa.eu,N/A,N/A,N/A,Industry; research; energy,ITRE,2024-12-15,
Bernd LANGE,Germany,S&D,bernd.lange@europarl.europa.eu,N/A,N/A,N/A,Trade policy; digital trade; transatlantic relations; anti-coercion - INTA Committee Chair,INTA; ITRE,2024-12-15,chair; inta_chair
Isabella LÖVIN,Sweden,Greens/EFA,isabella.lovin@europarl.europa.eu,N/A,N/A,N/A,Industry; environment; climate,ITRE; ENVI,2024-12-15,
Lara MAGONI,Italy,ECR,lara.magoni@europarl.europa.eu,N/A,N/A,N/A,Industry; tourism,ITRE; TRAN,2024-12-15,
Yannis MANIATIS,Greece,S&D,yannis.maniatis@europarl.europa.eu,N/A,N/A,N/A,Industry; energy,ITRE,2024-12-15,
Marion MARÉCHAL,France,ECR,marion.marechal@europarl.europa.eu,N/A,N/A,N/A,Industry; defense,ITRE; SEDE,2024-12-15,
Catarina MARTINS,Portugal,The Left,catarina.martins@europarl.europa.eu,N/A,N/A,N/A,Industry; women's rights,ITRE; FEMM,2024-12-15,
Fulvio MARTUSCIELLO,Italy,EPP,fulvio.martusciello@europarl.europa.eu,N/A,N/A,N/A,Industry; energy,ITRE,2024-12-15,
Sara MATTHIEU,Belgium,Greens/EFA,sara.matthieu@europarl.europa.eu,N/A,N/A,N/A,Industry; employment,ITRE; EMPL,2024-12-15,
Georg MAYER,Austria,PfE,georg.mayer@europarl.europa.eu,N/A,N/A,N/A,Industry; transport,ITRE; TRAN,2024-12-15,
Marina MESURE,France,The Left,marina.mesure@europarl.europa.eu,N/A,N/A,N/A,Industry; employment; workers' rights,ITRE; EMPL,2024-12-15,
Sven MIKSER,Estonia,S&D,sven.mikser@europarl.europa.eu,N/A,N/A,N/A,Foreign affairs; defense - Former Foreign Minister,AFET; SEDE; ITRE,2024-12-15,
Csaba MOLNÁR,Hungary,S&D,csaba.molnar@europarl.europa.eu,N/A,N/A,N/A,Industry; budget,ITRE; BUDG,2024-12-15,
Letizia MORATTI,Italy,EPP,letizia.moratti@europarl.europa.eu,N/A,N/A,N/A,Industry; research; energy,ITRE,2024-12-15,
Jana NAGYOVÁ,Czechia,PfE,jana.nagyova@europarl.europa.eu,N/A,N/A,N/A,"EU affairs, national interests",ITRE,2024-12-15,
Dario NARDELLA,Italy,S&D,dario.nardella@europarl.europa.eu,N/A,N/A,N/A,"Urban development, culture, local governance",CULT; ITRE,2024-12-15,
Fernando NAVARRETE ROJAS,Spain,EPP,fernando.navarreterrojas@europarl.europa.eu,N/A,N/A,N/A,"Economic policy, taxation",ECON; ITRE,2024-12-15,
Dan NICA,Romania,S&D,dan.nica@europarl.europa.eu,N/A,N/A,N/A,"Industry and research, digital technology, Horizon Europe, telecommunications, IT infrastructure, European Competitiveness Fund",ITRE; ENVI,2024-12-15,coordinator
Ville NIINISTÖ,Finland,Greens/EFA,ville.niinisto@europarl.europa.eu,N/A,N/A,N/A,"Climate policy, industrial policy, energy transition, environmental protection, security policy",ITRE; AFET; SEDE,2024-12-15,coordinator
Aleksandar NIKOLIC,France,PfE,aleksandar.nikolic@europarl.europa.eu,N/A,N/A,N/A,"Defense, national security",SEDE; ITRE,2024-12-15,
Mirosława NYKIEL,Poland,EPP,miroslawa.nykiel@europarl.europa.eu,N/A,N/A,N/A,"Gender equality, women's rights",FEMM; ITRE,2024-12-15,
Jutta PAULUS,Germany,Greens/EFA,jutta.paulus@europarl.europa.eu,N/A,N/A,N/A,"Energy policy, climate, environmental technology, green industry, sustainable digital infrastructure",ITRE; ENVI,2024-12-15,
Thomas PELLERIN-CARLIN,France,S&D,thomas.pellerincarlin@europarl.europa.eu,N/A,N/A,N/A,"Energy policy, climate, research policy, industrial transformation",ITRE,2024-12-15,
Kira Marie PETER-HANSEN,Denmark,Greens/EFA,kiramarie.peterhansen@europarl.europa.eu,N/A,N/A,N/A,"Energy policy, green industry, digital sustainability, youth policy, legal affairs",ITRE; ENVI; JURI,2024-12-15,
Margarita DE LA PISA CARRIÓN,Spain,PfE,margarita.delapisacarrion@europarl.europa.eu,N/A,N/A,N/A,"Energy policy, industry, family values, conservative social policy",ITRE; FEMM,2024-12-15,
Virgil-Daniel POPESCU,Romania,EPP,virgildaniel.popescu@europarl.europa.eu,N/A,N/A,N/A,"Energy policy, industry, digital transformation, research",ITRE,2024-12-15,
Jüri RATAS,Estonia,EPP,juri.ratas@europarl.europa.eu,N/A,N/A,N/A,"Digital governance, e-government (former Estonian PM with extensive digital governance experience)",ITRE,2024-12-15,
Julie RECHAGNEUX,France,PfE,julie.rechagneux@europarl.europa.eu,N/A,N/A,N/A,"French national interests, legal affairs",ITRE; JURI,2024-12-15,
Manuela RIPA,Germany,EPP,manuela.ripa@europarl.europa.eu,N/A,N/A,N/A,"Environment, industry, energy policy, public health, animal welfare",ITRE; ENVI; SEDE,2024-12-15,
Massimiliano SALINI,Italy,EPP,massimiliano.salini@europarl.europa.eu,N/A,N/A,N/A,"Foreign affairs, industry, transport",AFET; ITRE; TRAN,2024-12-15,
Elena SANCHO MURILLO,Spain,S&D,elena.sanchomurillo@europarl.europa.eu,N/A,N/A,N/A,"Social policy, industry",EMPL; ITRE,2024-12-15,
Jussi SARAMO,Finland,The Left,jussi.saramo@europarl.europa.eu,N/A,N/A,N/A,"Economic policy, industry",ECON; ITRE,2024-12-15,
Silvia SARDONE,Italy,PfE,silvia.sardone@europarl.europa.eu,N/A,N/A,N/A,"Environment, women's rights, industry",ENVI; FEMM; ITRE,2024-12-15,
Jacek SARYUSZ-WOLSKI,Poland,ECR,jacek.saryuszwolski@europarl.europa.eu,N/A,N/A,N/A,"Foreign affairs, constitutional affairs, industry",AFET; AFCO; ITRE,2024-12-15,
Benedetta SCUDERI,Italy,Greens/EFA,benedetta.scuderi@europarl.europa.eu,N/A,N/A,N/A,"Industry, research, energy, digital policy, green technology",ITRE,2024-12-15,
Günther SIDL,Austria,S&D,guenther.sidl@europarl.europa.eu,N/A,N/A,N/A,"Environment, public health, industry",ENVI; ITRE,2024-12-15,
Maria SPYRAKI,Greece,EPP,maria.spyraki@europarl.europa.eu,N/A,N/A,N/A,"Energy storage, hydrogen technology, ecodesign, chemicals regulation, AI and digital innovation",ITRE; ENVI; REGI,2024-12-15,
Virginijus SINKEVIČIUS,Lithuania,Greens/EFA,virginijus.sinkevicius@europarl.europa.eu,N/A,N/A,N/A,Environment; biodiversity; oceans; fisheries; climate policy; former EU Environment Commissioner,ENVI; PECH; ITRE,2024-12-15,
Sara SKYTTEDAL,Sweden,EPP,sara.skyttedal@europarl.europa.eu,N/A,N/A,N/A,Industry; research; energy; digital policy; Christian democratic values; energy policy; conservative social policy,ITRE; AFET,2024-12-15,
Beata SZYDŁO,Poland,ECR,beata.szydlo@europarl.europa.eu,N/A,N/A,N/A,"Industry, research, energy, transport, European Democracy Shield, AI and digital policy",ITRE; EUDS; BUDG; TRAN,2024-12-15,
Dario TAMBURRANO,Italy,The Left,dario.tamburrano@europarl.europa.eu,N/A,N/A,N/A,"Energy transition, transport, digital innovation, climate policy",ITRE; TRAN,2024-12-15,
Irene TINAGLI,Italy,S&D,irene.tinagli@europarl.europa.eu,N/A,N/A,N/A,"Economic policy, digital euro, banking regulation, financial services, housing policy, AI in finance",HOUS; ECON; ITRE; ENVI,2024-12-15,chair
Francesco TORSELLI,Italy,ECR,francesco.torselli@europarl.europa.eu,N/A,N/A,N/A,"Conservative Italian policies, industry, digital innovation",ITRE,2024-12-15,
Flavio TOSI,Italy,EPP,flavio.tosi@europarl.europa.eu,N/A,N/A,N/A,"Center-right Italian policies, local governance",ITRE; REGI,2024-12-15,
Marie TOUSSAINT,France,Greens/EFA,marie.toussaint@europarl.europa.eu,N/A,N/A,N/A,"Climate justice, ecocide recognition, environmental law, Green Deal, corporate accountability, renewable energy",ENVI; ECON; ITRE; SANT; FISC; HOUS,2024-12-15,coordinator
Kathleen VAN BREMPT,Belgium,S&D,kathleen.vanbrempt@europarl.europa.eu,N/A,N/A,N/A,"Social democratic policies, industry, environment, climate",ITRE; ENVI,2024-12-15,
Marta WCISŁO,Poland,EPP,marta.wcislo@europarl.europa.eu,N/A,N/A,N/A,"Technology, energy policy, industry",ITRE; AGRI,2024-12-15,
Stéphanie YON-COURTIN,France,Renew Europe,stephanie.yon-courtin@europarl.europa.eu,N/A,N/A,N/A,"Digital policy, fintech, AI regulation, data protection, banking regulation, digital euro",ECON; ITRE,2024-12-15,
Kosma ZŁOTOWSKI,Poland,ECR,kosma.zlotowski@europarl.europa.eu,N/A,N/A,N/A,"Transport, infrastructure, technology, energy, digital connectivity",TRAN; ITRE,2024-12-15,
